restaurant_name,total_revenue,avg_rating
KFC,679551.1500000001,1.8044280442804428
Burger King,558912.5000000003,1.4705882352941178
Pizza Hut,552153.71,1.787037037037037
Subway,544610.0099999999,1.7272727272727273
McDonald's,500082.9000000003,1.740909090909091
