restaurant_name,total_revenue,avg_rating
Subway,550118.8899999999,1.808695652173913
Pizza Hut,543409.8500000001,1.5914893617021277
KFC,522859.02999999997,1.953781512605042
Burger King,520419.3799999997,1.8
McDonald's,496422.1299999999,1.6273584905660377
