restaurant_name,total_revenue,avg_rating
Pizza Hut,657637.02,1.5797665369649805
Subway,623579.1300000002,1.8446969696969697
Burger King,551447.7500000001,1.6061946902654867
KFC,543192.3999999997,1.7123893805309736
McDonald's,540516.0499999999,1.4918032786885247
