restaurant_name,total_revenue,avg_rating
Subway,708185.9300000004,1.8140350877192983
KFC,645664.3100000002,1.6705882352941177
Pizza Hut,639484.1900000001,1.6602316602316602
McDonald's,537786.0499999997,1.8093220338983051
Burger King,521193.32,1.497737556561086
