total_revenue,avg_order_value,avg_rating,delivery_success_rate_on_time,delivery_success_rate_delayed,delivery_success_rate_cancelled,city
2835310.270000003,2388.6354422914937,1.7068239258635214,34.29,32.94,32.77,Islamabad
2633229.2800000007,2299.763563318778,1.758951965065502,35.98,32.84,31.18,Karachi
2916372.349999998,2396.3618323746905,1.6491372226787182,33.61,32.54,33.85,Lahore
3052313.799999997,2430.1861464968133,1.696656050955414,34.24,32.64,33.12,Multan
2906686.380000001,2432.3735397489545,1.6728033472803348,33.64,33.39,32.97,Peshawar
