restaurant_name,total_revenue,avg_rating
Pizza Hut,609695.82,1.7042801556420233
Burger King,600807.9200000002,1.7203389830508475
Subway,571520.3099999999,1.6234309623430963
KFC,562966.5599999994,1.5256410256410255
McDonald's,561695.7699999994,1.7903930131004366
